{
  "Politik, Topic 3": 0.41502975417724797,
  "Wissenschaft, Topic 0": 0.23592557562029526,
  "Gesellschaft, Topic 3": 0.20827580772987928,
  "Mensch, Topic 1": 0.17339379197269222,
  "Wissenschaft, Topic 2": 0.11452719219018945,
  "Mensch, Topic 4": 0.10339539189532507,
  "Wissenschaft, Topic 3": 0.09655521828858654,
  "Virus, Topic 0": 0.09353580578236498,
  "Virus, Topic 4": 0.08351742950307657,
  "Virus, Topic 1": 0.08096595912001504,
  "Mensch, Topic 2": 0.031134598899962774,
  "Gesellschaft, Topic 4": 0.002505521694340449,
  "Mensch, Topic 0": 0.002084211697387109,
  "Politik, Topic 1": 0.00046737997448474005,
  "Gesellschaft, Topic 1": -0.03446935262358638,
  "Virus, Topic 2": -0.055050787726694,
  "Gesellschaft, Topic 2": -0.06785057761961501,
  "Politik, Topic 4": -0.06989935815233335,
  "Politik, Topic 2": -0.09669977974039247,
  "Wissenschaft, Topic 4": -0.11275117681714412,
  "Gesellschaft, Topic 0": -0.12026719777238962,
  "Virus, Topic 3": -0.22454337177805112,
  "Mensch, Topic 3": -0.22651495893129664,
  "Politik, Topic 0": -0.3145399669685266,
  "Wissenschaft, Topic 1": -0.32169186446227654
}