{
  "91": {
    "wissenschaft": 0.5510204081632653,
    "politik": 0.10204081632653061,
    "virus": 0.030612244897959183,
    "mensch": 0.2857142857142857,
    "gesellschaft": 0.030612244897959183
  },
  "90": {
    "politik": 0.21052631578947367,
    "mensch": 0.47368421052631576,
    "virus": 0.10526315789473684,
    "wissenschaft": 0.21052631578947367
  },
  "89": {
    "virus": 0.19090909090909092,
    "mensch": 0.3090909090909091,
    "wissenschaft": 0.4727272727272727,
    "politik": 0.02727272727272727
  },
  "88": {
    "wissenschaft": 0.391304347826087,
    "politik": 0.13043478260869565,
    "virus": 0.057971014492753624,
    "mensch": 0.4057971014492754,
    "gesellschaft": 0.014492753623188406
  },
  "86": {
    "mensch": 0.5352112676056338,
    "wissenschaft": 0.14084507042253522,
    "virus": 0.08450704225352113,
    "politik": 0.22535211267605634,
    "gesellschaft": 0.014084507042253521
  },
  "87": {
    "wissenschaft": 0.5344827586206896,
    "mensch": 0.3620689655172414,
    "politik": 0.0603448275862069,
    "gesellschaft": 0.008620689655172414,
    "virus": 0.034482758620689655
  },
  "85": {
    "wissenschaft": 0.6065573770491803,
    "virus": 0.08196721311475409,
    "mensch": 0.2786885245901639,
    "politik": 0.03278688524590164
  },
  "84": {
    "wissenschaft": 0.16470588235294117,
    "mensch": 0.5764705882352941,
    "politik": 0.15294117647058825,
    "virus": 0.09411764705882353,
    "gesellschaft": 0.011764705882352941
  },
  "83": {
    "politik": 0.2796610169491525,
    "mensch": 0.3644067796610169,
    "wissenschaft": 0.3135593220338983,
    "virus": 0.0423728813559322
  },
  "82": {
    "wissenschaft": 0.40816326530612246,
    "mensch": 0.40816326530612246,
    "politik": 0.16326530612244897,
    "virus": 0.02040816326530612
  },
  "81": {
    "mensch": 0.5,
    "politik": 0.11428571428571428,
    "virus": 0.07142857142857142,
    "wissenschaft": 0.3142857142857143
  },
  "80": {
    "wissenschaft": 0.25,
    "mensch": 0.425,
    "politik": 0.1625,
    "virus": 0.15,
    "gesellschaft": 0.0125
  },
  "79": {
    "mensch": 0.42528735632183906,
    "virus": 0.2988505747126437,
    "wissenschaft": 0.1839080459770115,
    "politik": 0.09195402298850575
  },
  "78": {
    "politik": 0.09836065573770492,
    "wissenschaft": 0.5245901639344263,
    "mensch": 0.3114754098360656,
    "gesellschaft": 0.01639344262295082,
    "virus": 0.04918032786885246
  },
  "77": {
    "wissenschaft": 0.27472527472527475,
    "mensch": 0.46153846153846156,
    "virus": 0.15384615384615385,
    "politik": 0.10989010989010989
  },
  "76": {
    "politik": 0.07792207792207792,
    "virus": 0.14285714285714285,
    "mensch": 0.36363636363636365,
    "wissenschaft": 0.4025974025974026,
    "gesellschaft": 0.012987012987012988
  },
  "75": {
    "virus": 0.2251655629139073,
    "politik": 0.033112582781456956,
    "mensch": 0.3841059602649007,
    "wissenschaft": 0.3576158940397351
  },
  "74": {
    "virus": 0.14492753623188406,
    "politik": 0.08695652173913043,
    "wissenschaft": 0.36231884057971014,
    "mensch": 0.391304347826087,
    "gesellschaft": 0.014492753623188406
  },
  "73": {
    "wissenschaft": 0.1968503937007874,
    "politik": 0.03937007874015748,
    "virus": 0.25196850393700787,
    "mensch": 0.5118110236220472
  },
  "72": {
    "virus": 0.36538461538461536,
    "politik": 0.34615384615384615,
    "wissenschaft": 0.17307692307692307,
    "mensch": 0.11538461538461539
  },
  "71": {
    "wissenschaft": 0.5772357723577236,
    "virus": 0.14634146341463414,
    "gesellschaft": 0.024390243902439025,
    "mensch": 0.22764227642276422,
    "politik": 0.024390243902439025
  },
  "70": {
    "virus": 0.21739130434782608,
    "mensch": 0.391304347826087,
    "wissenschaft": 0.21739130434782608,
    "politik": 0.17391304347826086
  },
  "69": {
    "wissenschaft": 0.26865671641791045,
    "politik": 0.11940298507462686,
    "virus": 0.26865671641791045,
    "mensch": 0.34328358208955223
  },
  "68": {
    "wissenschaft": 0.17857142857142858,
    "politik": 0.25892857142857145,
    "mensch": 0.49107142857142855,
    "virus": 0.07142857142857142
  },
  "67": {
    "wissenschaft": 0.06521739130434782,
    "mensch": 0.6304347826086957,
    "virus": 0.2826086956521739,
    "politik": 0.021739130434782608
  },
  "66": {
    "mensch": 0.44680851063829785,
    "wissenschaft": 0.23404255319148937,
    "politik": 0.19148936170212766,
    "virus": 0.1276595744680851
  },
  "65": {
    "wissenschaft": 0.25471698113207547,
    "politik": 0.32075471698113206,
    "mensch": 0.33962264150943394,
    "virus": 0.08490566037735849
  },
  "64": {
    "mensch": 0.41818181818181815,
    "wissenschaft": 0.18181818181818182,
    "politik": 0.2545454545454545,
    "virus": 0.14545454545454545
  },
  "63": {
    "politik": 0.1864406779661017,
    "wissenschaft": 0.15254237288135594,
    "mensch": 0.5423728813559322,
    "virus": 0.11864406779661017
  },
  "62": {
    "wissenschaft": 0.15476190476190477,
    "politik": 0.21428571428571427,
    "mensch": 0.5595238095238095,
    "virus": 0.07142857142857142
  },
  "61": {
    "wissenschaft": 0.375,
    "politik": 0.4,
    "mensch": 0.15,
    "virus": 0.05,
    "gesellschaft": 0.025
  },
  "60": {
    "gesellschaft": 0.03125,
    "politik": 0.25,
    "wissenschaft": 0.15625,
    "mensch": 0.46875,
    "virus": 0.09375
  },
  "59": {
    "wissenschaft": 0.43243243243243246,
    "virus": 0.0945945945945946,
    "mensch": 0.47297297297297297
  },
  "58": {
    "mensch": 0.7741935483870968,
    "wissenschaft": 0.14516129032258066,
    "virus": 0.016129032258064516,
    "politik": 0.06451612903225806
  },
  "57": {
    "virus": 0.2972972972972973,
    "politik": 0.10810810810810811,
    "wissenschaft": 0.16216216216216217,
    "gesellschaft": 0.02702702702702703,
    "mensch": 0.40540540540540543
  },
  "56": {
    "wissenschaft": 0.42857142857142855,
    "politik": 0.14285714285714285,
    "mensch": 0.4,
    "virus": 0.02857142857142857
  },
  "55": {
    "wissenschaft": 0.10714285714285714,
    "politik": 0.05357142857142857,
    "mensch": 0.5714285714285714,
    "virus": 0.26785714285714285
  },
  "54": {
    "wissenschaft": 0.1875,
    "mensch": 0.5625,
    "virus": 0.046875,
    "politik": 0.203125
  },
  "53": {
    "politik": 0.07894736842105263,
    "wissenschaft": 0.21052631578947367,
    "virus": 0.42105263157894735,
    "gesellschaft": 0.07894736842105263,
    "mensch": 0.21052631578947367
  },
  "52": {
    "virus": 0.023809523809523808,
    "wissenschaft": 0.8690476190476191,
    "gesellschaft": 0.07142857142857142,
    "mensch": 0.03571428571428571
  },
  "51": {
    "wissenschaft": 0.4883720930232558,
    "virus": 0.06976744186046512,
    "mensch": 0.2558139534883721,
    "politik": 0.18604651162790697
  },
  "50": {
    "politik": 0.3333333333333333,
    "virus": 0.041666666666666664,
    "mensch": 0.16666666666666666,
    "wissenschaft": 0.4583333333333333
  },
  "49": {
    "politik": 0.39473684210526316,
    "mensch": 0.3684210526315789,
    "virus": 0.02631578947368421,
    "wissenschaft": 0.21052631578947367
  },
  "48": {
    "virus": 0.09375,
    "wissenschaft": 0.1875,
    "mensch": 0.4375,
    "politik": 0.28125
  },
  "47": {
    "mensch": 0.5483870967741935,
    "virus": 0.3870967741935484,
    "wissenschaft": 0.06451612903225806
  },
  "46": {
    "wissenschaft": 0.3333333333333333,
    "mensch": 0.25,
    "politik": 0.25,
    "virus": 0.16666666666666666
  },
  "45": {
    "wissenschaft": 0.3225806451612903,
    "mensch": 0.2903225806451613,
    "politik": 0.0967741935483871,
    "virus": 0.2903225806451613
  },
  "44": {
    "politik": 0.19047619047619047,
    "wissenschaft": 0.38095238095238093,
    "virus": 0.14285714285714285,
    "mensch": 0.2857142857142857
  },
  "43": {
    "wissenschaft": 0.45454545454545453,
    "mensch": 0.18181818181818182,
    "virus": 0.22727272727272727,
    "politik": 0.13636363636363635
  },
  "42": {
    "politik": 0.09090909090909091,