{
  "91": {
    "wissenschaft": 0.5142857142857142,
    "politik": 0.09523809523809523,
    "virus": 0.09523809523809523,
    "mensch": 0.26666666666666666,
    "gesellschaft": 0.02857142857142857
  },
  "90": {
    "politik": 0.13333333333333333,
    "virus": 0.43333333333333335,
    "mensch": 0.3,
    "wissenschaft": 0.13333333333333333
  },
  "89": {
    "virus": 0.31007751937984496,
    "mensch": 0.26356589147286824,
    "wissenschaft": 0.40310077519379844,
    "politik": 0.023255813953488372
  },
  "88": {
    "wissenschaft": 0.2967032967032967,
    "politik": 0.0989010989010989,
    "virus": 0.26373626373626374,
    "mensch": 0.32967032967032966,
    "gesellschaft": 0.01098901098901099
  },
  "86": {
    "mensch": 0.5125,
    "wissenschaft": 0.125,
    "virus": 0.15,
    "politik": 0.2,
    "gesellschaft": 0.0125
  },
  "87": {
    "wissenschaft": 0.5344827586206896,
    "mensch": 0.3620689655172414,
    "politik": 0.0603448275862069,
    "gesellschaft": 0.008620689655172414,
    "virus": 0.034482758620689655
  },
  "85": {
    "wissenschaft": 0.6065573770491803,
    "virus": 0.08196721311475409,
    "mensch": 0.2786885245901639,
    "politik": 0.03278688524590164
  },
  "84": {
    "wissenschaft": 0.14285714285714285,
    "mensch": 0.5102040816326531,
    "virus": 0.20408163265306123,
    "politik": 0.1326530612244898,
    "gesellschaft": 0.01020408163265306
  },
  "83": {
    "politik": 0.2682926829268293,
    "mensch": 0.34959349593495936,
    "wissenschaft": 0.3008130081300813,
    "virus": 0.08130081300813008
  },
  "82": {
    "wissenschaft": 0.38461538461538464,
    "mensch": 0.4423076923076923,
    "politik": 0.15384615384615385,
    "virus": 0.019230769230769232
  },
  "81": {
    "mensch": 0.5,
    "politik": 0.11428571428571428,
    "wissenschaft": 0.3142857142857143,
    "virus": 0.07142857142857142
  },
  "80": {
    "wissenschaft": 0.2247191011235955,
    "mensch": 0.38202247191011235,
    "politik": 0.14606741573033707,
    "virus": 0.23595505617977527,
    "gesellschaft": 0.011235955056179775
  },
  "79": {
    "mensch": 0.4482758620689655,
    "virus": 0.27586206896551724,
    "wissenschaft": 0.1839080459770115,
    "politik": 0.09195402298850575
  },
  "78": {
    "politik": 0.08823529411764706,
    "virus": 0.11764705882352941,
    "wissenschaft": 0.47058823529411764,
    "mensch": 0.3088235294117647,
    "gesellschaft": 0.014705882352941176
  },
  "77": {
    "wissenschaft": 0.2336448598130841,
    "mensch": 0.3925233644859813,
    "virus": 0.2803738317757009,
    "politik": 0.09345794392523364
  },
  "76": {
    "politik": 0.07692307692307693,
    "mensch": 0.3717948717948718,
    "wissenschaft": 0.3974358974358974,
    "virus": 0.14102564102564102,
    "gesellschaft": 0.01282051282051282
  },
  "75": {
    "virus": 0.23529411764705882,
    "politik": 0.032679738562091505,
    "mensch": 0.3790849673202614,
    "wissenschaft": 0.35294117647058826
  },
  "74": {
    "virus": 0.136986301369863,
    "politik": 0.0821917808219178,
    "wissenschaft": 0.3424657534246575,
    "mensch": 0.4246575342465753,
    "gesellschaft": 0.0136986301369863
  },
  "73": {
    "virus": 0.25190839694656486,
    "wissenschaft": 0.19083969465648856,
    "politik": 0.03816793893129771,
    "mensch": 0.5190839694656488
  },
  "72": {
    "virus": 0.36538461538461536,
    "politik": 0.34615384615384615,
    "wissenschaft": 0.17307692307692307,
    "mensch": 0.11538461538461539
  },
  "71": {
    "wissenschaft": 0.5966386554621849,
    "virus": 0.11764705882352941,
    "gesellschaft": 0.025210084033613446,
    "mensch": 0.23529411764705882,
    "politik": 0.025210084033613446
  },
  "70": {
    "virus": 0.22972972972972974,
    "mensch": 0.40540540540540543,
    "wissenschaft": 0.20270270270270271,
    "politik": 0.16216216216216217
  },
  "69": {
    "wissenschaft": 0.26865671641791045,
    "politik": 0.11940298507462686,
    "virus": 0.26865671641791045,
    "mensch": 0.34328358208955223
  },
  "68": {
    "wissenschaft": 0.18018018018018017,
    "politik": 0.26126126126126126,
    "mensch": 0.4954954954954955,
    "virus": 0.06306306306306306
  },
  "67": {
    "wissenschaft": 0.06666666666666667,
    "mensch": 0.6444444444444445,
    "virus": 0.26666666666666666,
    "politik": 0.022222222222222223
  },
  "66": {
    "mensch": 0.44680851063829785,
    "wissenschaft": 0.23404255319148937,
    "politik": 0.19148936170212766,
    "virus": 0.1276595744680851
  },
  "65": {
    "wissenschaft": 0.25471698113207547,
    "politik": 0.32075471698113206,
    "mensch": 0.33962264150943394,
    "virus": 0.08490566037735849
  },
  "64": {
    "mensch": 0.41818181818181815,
    "wissenschaft": 0.18181818181818182,
    "politik": 0.2545454545454545,
    "virus": 0.14545454545454545
  },
  "63": {
    "politik": 0.18333333333333332,
    "wissenschaft": 0.15,
    "mensch": 0.55,
    "virus": 0.11666666666666667
  },
  "62": {
    "wissenschaft": 0.15476190476190477,
    "politik": 0.21428571428571427,
    "mensch": 0.5714285714285714,
    "virus": 0.05952380952380952
  },
  "61": {
    "wissenschaft": 0.375,
    "politik": 0.4,
    "mensch": 0.175,
    "virus": 0.025,
    "gesellschaft": 0.025
  },
  "60": {
    "gesellschaft": 0.03125,
    "politik": 0.25,
    "wissenschaft": 0.15625,
    "mensch": 0.46875,
    "virus": 0.09375
  },
  "59": {
    "wissenschaft": 0.43243243243243246,
    "virus": 0.0945945945945946,
    "mensch": 0.47297297297297297
  },
  "58": {
    "mensch": 0.7777777777777778,
    "wissenschaft": 0.14285714285714285,
    "virus": 0.015873015873015872,
    "politik": 0.06349206349206349
  },
  "57": {
    "virus": 0.2972972972972973,
    "politik": 0.10810810810810811,
    "wissenschaft": 0.16216216216216217,
    "gesellschaft": 0.02702702702702703,
    "mensch": 0.40540540540540543
  },
  "56": {
    "wissenschaft": 0.4166666666666667,
    "politik": 0.1388888888888889,
    "mensch": 0.4166666666666667,
    "virus": 0.027777777777777776
  },
  "55": {
    "wissenschaft": 0.11320754716981132,
    "politik": 0.05660377358490566,
    "mensch": 0.6037735849056604,
    "virus": 0.22641509433962265
  },
  "54": {
    "wissenschaft": 0.18181818181818182,
    "mensch": 0.6060606060606061,
    "virus": 0.015151515151515152,
    "politik": 0.19696969696969696
  },
  "53": {
    "politik": 0.07894736842105263,
    "wissenschaft": 0.21052631578947367,
    "virus": 0.39473684210526316,
    "gesellschaft": 0.07894736842105263,
    "mensch": 0.23684210526315788
  },
  "52": {
    "virus": 0.023809523809523808,
    "wissenschaft": 0.8690476190476191,
    "gesellschaft": 0.07142857142857142,
    "mensch": 0.03571428571428571
  },
  "51": {
    "wissenschaft": 0.4883720930232558,
    "virus": 0.06976744186046512,
    "mensch": 0.2558139534883721,
    "politik": 0.18604651162790697
  },
  "50": {
    "politik": 0.3333333333333333,
    "virus": 0.041666666666666664,
    "mensch": 0.16666666666666666,
    "wissenschaft": 0.4583333333333333
  },
  "49": {
    "politik": 0.39473684210526316,
    "mensch": 0.3684210526315789,
    "virus": 0.02631578947368421,
    "wissenschaft": 0.21052631578947367
  },
  "48": {
    "virus": 0.09090909090909091,
    "wissenschaft": 0.18181818181818182,
    "mensch": 0.45454545454545453,
    "politik": 0.2727272727272727
  },
  "47": {
    "mensch": 0.5483870967741935,
    "virus": 0.3870967741935484,
    "wissenschaft": 0.06451612903225806
  },
  "46": {
    "wissenschaft": 0.3333333333333333,
    "mensch": 0.25,
    "politik": 0.25,
    "virus": 0.16666666666666666
  },
  "45": {
    "wissenschaft": 0.3225806451612903,
    "mensch": 0.3225806451612903,
    "politik": 0.0967741935483871,
    "virus": 0.25806451612903225
  },
  "44": {
    "politik": 0.19047619047619047,
    "wissenschaft": 0.38095238095238093,
    "virus": 0.14285714285714285,
    "mensch": 0.2857142857142857
  },
  "43": {
    "wissenschaft": 0.45454545454545453,
    "mensch": 0.36363636363636365,
    "politik": 0.13636363636363635,